Label	Units	Hits	Avg	Total	StdDev	LastValue	Min	Max	Active	AvgActive	MaxActive	FirstAccess	LastAccess	Enabled	Primary	HasListeners	LessThan_0ms	0_10ms	10_20ms	20_40ms	40_80ms	80_160ms	160_320ms	320_640ms	640_1280ms	1280_2560ms	2560_5120ms	5120_10240ms	10240_20480ms	GreaterThan_20480ms
query	ms.	12000.0	1.0515	12618.0	1.8129501691146876	2.0	0.0	93.0	0.0	1.8449166666666668	2.0	Thu Jan 19 13:35:52 GMT 2012	Thu Jan 19 13:35:59 GMT 2012	true	true	false		11Ê978/1 (0/0/0)	11/12,3 (0/0/0)	9/28,8 (0/0/0)		2/87 (0/0/0)								
query/*,*,*,*,*	ms.	2000.0	0.0080	16.0	0.10927932551719353	0.0	0.0	3.0	0.0	1.0575	2.0	Thu Jan 19 13:35:52 GMT 2012	Thu Jan 19 13:35:59 GMT 2012	true	true	false		2Ê000/0 (0/0/0)												
query/*,*,*,*,3	ms.	2000.0	2.365	4730.0	1.494621004125456	2.0	2.0	32.0	0.0	1.3265	2.0	Thu Jan 19 13:35:52 GMT 2012	Thu Jan 19 13:35:59 GMT 2012	true	true	false		1Ê993/2,3 (0/0/0)	2/14 (0/0/0)	5/27,6 (0/0/0)										
query/*,*,20110301,20110601,*	ms.	2000.0	2.601	5202.0	3.028264220984696	2.0	2.0	93.0	0.0	1.3295	2.0	Thu Jan 19 13:35:52 GMT 2012	Thu Jan 19 13:35:59 GMT 2012	true	true	false		1Ê988/2,4 (0/0/0)	7/11,4 (0/0/0)	3/30 (0/0/0)		2/87 (0/0/0)								
query/LEMD,*,*,*,*	ms.	2000.0	0.1085	217.0	0.37120970936138253	0.0	0.0	6.0	0.0	1.095	2.0	Thu Jan 19 13:35:52 GMT 2012	Thu Jan 19 13:35:59 GMT 2012	true	true	false		2Ê000/0,1 (0/0/0)												
query/LEMD,*,*,*,3	ms.	2000.0	0.1465	293.0	0.4124594663790648	0.0	0.0	6.0	0.0	1.099	2.0	Thu Jan 19 13:35:52 GMT 2012	Thu Jan 19 13:35:59 GMT 2012	true	true	false		2Ê000/0,1 (0/0/0)												
query/LEMD,*,20110301,20110601,*	ms.	2000.0	1.0375	2075.0	0.9708578848195333	1.0	0.0	30.0	0.0	1.175	2.0	Thu Jan 19 13:35:52 GMT 2012	Thu Jan 19 13:35:59 GMT 2012	true	true	false		1Ê997/1 (0/0/0)	2/12 (0/0/0)	1/30 (0/0/0)										
